task,tool,software,scenario,status,median_seconds,timings_seconds,metrics,note
resistance_distance,JAXScape / pinv / f32 (CPU),JAXScape,synthetic_resistance_small,ok,0.0029969769529998302,"[0.003099677967838943, 0.0029969769529998302, 0.002909378963522613]",{},
resistance_distance,JAXScape / pinv / f32 (GPU),JAXScape,synthetic_resistance_small,ok,0.002845939015969634,"[0.0030089369975030422, 0.0028437289875000715, 0.002845939015969634]",{},
resistance_distance,JAXScape / pinv / f64 (CPU),JAXScape,synthetic_resistance_small,ok,0.0037635640474036336,"[0.003994904924184084, 0.0037635640474036336, 0.0036773160099983215]",{},
resistance_distance,JAXScape / pinv / f64 (GPU),JAXScape,synthetic_resistance_small,ok,0.03336805198341608,"[0.033529571024701, 0.03336805198341608, 0.03335133090149611]",{},
resistance_distance,JAXScape / PyAMG,JAXScape,synthetic_resistance_small,ok,0.06769038795027882,"[0.09429943596478552, 0.06684714194852859, 0.06769038795027882]",{},
resistance_distance,JAXScape / CholmodSolver,JAXScape,synthetic_resistance_small,ok,0.01103027700446546,"[0.014091775985434651, 0.01103027700446546, 0.01064736908301711]",{},
resistance_distance,JAXScape / AMJaxCGSolver / f32,JAXScape,synthetic_resistance_small,ok,0.01050213910639286,"[0.010606179013848305, 0.01032462005969137, 0.01050213910639286]",{},
resistance_distance,JAXScape / AMJaxCGSolver / f64,JAXScape,synthetic_resistance_small,ok,0.012590840924531221,"[0.01311155897565186, 0.012590840924531221, 0.012400932959280908]",{},
resistance_distance,JAXScape / approx pinv / f32 (CPU),JAXScape,synthetic_resistance_small,ok,0.016971981967799366,"[0.016971981967799366, 0.01627478504087776, 0.017144371988251805]",{},
resistance_distance,JAXScape / approx pinv / f32 (GPU),JAXScape,synthetic_resistance_small,ok,0.0005968279438093305,"[0.0007619179086759686, 0.0005968279438093305, 0.000591948046348989]",{},
resistance_distance,JAXScape / approx pinv / f64 (CPU),JAXScape,synthetic_resistance_small,ok,0.017364664934575558,"[0.019740396994166076, 0.017364664934575558, 0.015779561013914645]",{},
resistance_distance,JAXScape / approx pinv / f64 (GPU),JAXScape,synthetic_resistance_small,ok,0.001253386028110981,"[0.0014249359956011176, 0.001209805952385068, 0.001253386028110981]",{},
resistance_distance,JAXScape / approx CholmodSolver,JAXScape,synthetic_resistance_small,ok,0.03593804792035371,"[0.03593804792035371, 0.0363318370655179, 0.03538947110064328]",{},
resistance_distance,JAXScape / pinv / f32 (CPU),JAXScape,synthetic_resistance_medium,failed,,[],{},Exceeded walltime of 60s while running JAXScape / pinv / f32 (CPU).
resistance_distance,JAXScape / pinv / f32 (GPU),JAXScape,synthetic_resistance_medium,failed,,[],{},Exceeded walltime of 60s while running JAXScape / pinv / f32 (GPU).
resistance_distance,JAXScape / pinv / f64 (CPU),JAXScape,synthetic_resistance_medium,failed,,[],{},Exceeded walltime of 60s while running JAXScape / pinv / f64 (CPU).
resistance_distance,JAXScape / pinv / f64 (GPU),JAXScape,synthetic_resistance_medium,failed,,[],{},Exceeded walltime of 60s while running JAXScape / pinv / f64 (GPU).
resistance_distance,JAXScape / PyAMG,JAXScape,synthetic_resistance_medium,ok,1.1837708700913936,"[1.204269055975601, 1.1789102760376409, 1.1837708700913936]",{},
resistance_distance,JAXScape / CholmodSolver,JAXScape,synthetic_resistance_medium,ok,0.23917483899276704,"[0.23518425994552672, 0.23917483899276704, 0.24425820203032345]",{},
resistance_distance,JAXScape / AMJaxCGSolver / f32,JAXScape,synthetic_resistance_medium,failed,,[],{},Exceeded walltime of 60s while running JAXScape / AMJaxCGSolver / f32.
resistance_distance,JAXScape / AMJaxCGSolver / f64,JAXScape,synthetic_resistance_medium,ok,2.736831270973198,"[2.58349751890637, 2.736831270973198, 2.7557354259770364]",{},
resistance_distance,JAXScape / approx pinv / f32 (CPU),JAXScape,synthetic_resistance_medium,ok,7.693360588047653,"[7.287425703019835, 7.693360588047653, 7.901740976958536]",{},
resistance_distance,JAXScape / approx pinv / f32 (GPU),JAXScape,synthetic_resistance_medium,ok,0.14608304388821125,"[0.14608304388821125, 0.14623261406086385, 0.14603285503108054]",{},
resistance_distance,JAXScape / approx pinv / f64 (CPU),JAXScape,synthetic_resistance_medium,ok,13.401145690004341,"[13.496526947012171, 12.127100036013871, 13.401145690004341]",{},
resistance_distance,JAXScape / approx pinv / f64 (GPU),JAXScape,synthetic_resistance_medium,ok,4.069125002017245,"[4.069274422014132, 4.068075166083872, 4.069125002017245]",{},
resistance_distance,JAXScape / approx CholmodSolver,JAXScape,synthetic_resistance_medium,ok,4.975695775006898,"[5.0633904210990295, 4.975695775006898, 4.872969301999547]",{},
resistance_distance,JAXScape / pinv / f32 (CPU),JAXScape,synthetic_resistance_large,failed,,[],{},Out-of-memory while running resistance benchmark: RESOURCE_EXHAUSTED: Buffer Definition Event: Out of memory allocating 12000004000040 bytes.
resistance_distance,JAXScape / pinv / f32 (GPU),JAXScape,synthetic_resistance_large,failed,,[],{},"Out-of-memory while running resistance benchmark: RESOURCE_EXHAUSTED: Autotuning failed for HLO: %custom-call.1 = (f32[1000000,1000000]{1,0}, s8[4194304]{0}) custom-call(%bitcast.162, %bitcast.166), custom_call_target=""__cublas$lt$matmul"", metadata={op_name=""jit(_jaxscape_resistance_with_distance)/jit(nodes_to_nodes_distance)/jit(p_inv_resistance_distance)/jit(_pinv)/dot_general"" stack_frame_id=212}, backend_config={""operation_queue_id"":""0"",""gemm_backend_config"":{""alpha_real"":1,""beta"":0,""dot_dimension_numbers"":{""lhs_contracting_dimensions"":[""0""],""rhs_contracting_dimensions"":[""1""],""lhs_batch_dimensions"":[],""rhs_batch_dimensions"":[]},""alpha_imag"":0,""precision_config"":{""operand_precision"":[""HIGHEST"",""HIGHEST""],""algorithm"":""ALG_UNSET""},""epilogue"":""DEFAULT"",""lhs_stride"":""1000000000000"",""rhs_stride"":""1000000000000"",""grad_x"":false,""grad_y"":false,""damax_output"":false,""autotune_workspace_size"":""0"",""scale_mode"":0},""force_earliest_schedule"":false,""reification_cost"":[],""device_type"":""DEVICE_TYPE_INVALID""}. Failed to profile configs: Out of memory while trying to allocate 3.64TiB."
resistance_distance,JAXScape / pinv / f64 (CPU),JAXScape,synthetic_resistance_large,failed,,[],{},Out-of-memory while running resistance benchmark: RESOURCE_EXHAUSTED: Buffer Definition Event: Out of memory allocating 24000008000040 bytes.
resistance_distance,JAXScape / pinv / f64 (GPU),JAXScape,synthetic_resistance_large,failed,,[],{},"Out-of-memory while running resistance benchmark: RESOURCE_EXHAUSTED: Autotuning failed for HLO: %custom-call.1 = (f64[1000000,1000000]{1,0}, s8[4194304]{0}) custom-call(%bitcast.163, %bitcast.167), custom_call_target=""__cublas$lt$matmul"", metadata={op_name=""jit(_jaxscape_resistance_with_distance)/jit(nodes_to_nodes_distance)/jit(p_inv_resistance_distance)/jit(_pinv)/dot_general"" stack_frame_id=212}, backend_config={""operation_queue_id"":""0"",""gemm_backend_config"":{""alpha_real"":1,""beta"":0,""dot_dimension_numbers"":{""lhs_contracting_dimensions"":[""0""],""rhs_contracting_dimensions"":[""1""],""lhs_batch_dimensions"":[],""rhs_batch_dimensions"":[]},""alpha_imag"":0,""precision_config"":{""operand_precision"":[""HIGHEST"",""HIGHEST""],""algorithm"":""ALG_UNSET""},""epilogue"":""DEFAULT"",""lhs_stride"":""1000000000000"",""rhs_stride"":""1000000000000"",""grad_x"":false,""grad_y"":false,""damax_output"":false,""autotune_workspace_size"":""0"",""scale_mode"":0},""force_earliest_schedule"":false,""reification_cost"":[],""device_type"":""DEVICE_TYPE_INVALID""}. Failed to profile configs: Out of memory while trying to allocate 7.28TiB."
resistance_distance,JAXScape / PyAMG,JAXScape,synthetic_resistance_large,failed,,[],{},Exceeded walltime of 60s while running JAXScape / PyAMG.
resistance_distance,JAXScape / CholmodSolver,JAXScape,synthetic_resistance_large,failed,,[],{},Exceeded walltime of 60s while running JAXScape / CholmodSolver.
resistance_distance,JAXScape / AMJaxCGSolver / f32,JAXScape,synthetic_resistance_large,failed,,[],{},"Above is the stack outside of JIT. Below is the stack inside of JIT:
  File ""/home/boussang/jaxscape/benchmark/jaxscape/resistance_distance.py"", line 326, in _jaxscape_prepared_resistance
    return distance(grid, nodes=nodes, state=state)
           ^^^^^^^^^^^^^^^^^^^^^^^^^^^^^^^^^^^^^^^^
  File ""/home/boussang/jaxscape/src/jaxscape/distance.py"", line 90, in __call__
    return self.nodes_to_nodes_distance(graph, nodes, state)
           ^^^^^^^^^^^^^^^^^^^^^^^^^^^^^^^^^^^^^^^^^^^^^^^^^
  File ""/home/boussang/jaxscape/.venv/lib/python3.12/site-packages/equinox/_module/_prebuilt.py"", line 82, in __call__
    return self.func(*self.args, *args, **kwargs, **self.keywords)
           ^^^^^^^^^^^^^^^^^^^^^^^^^^^^^^^^^^^^^^^^^^^^^^^^^^^^^^^
  File ""/home/boussang/jaxscape/src/jaxscape/resistance_distance.py"", line 114, in nodes_to_nodes_distance
    return lineax_solver_nodes_to_nodes_resistance_distance(
           ^^^^^^^^^^^^^^^^^^^^^^^^^^^^^^^^^^^^^^^^^^^^^^^^^
  File ""/home/boussang/jaxscape/src/jaxscape/resistance_distance.py"", line 206, in lineax_solver_nodes_to_nodes_resistance_distance
    potentials = batched_linear_solve(
                 ^^^^^^^^^^^^^^^^^^^^^
  File ""/home/boussang/jaxscape/src/jaxscape/solvers/operator.py"", line 57, in batched_linear_solve
    return jax.vmap(
           ^^^^^^^^^
  File ""/home/boussang/jaxscape/src/jaxscape/solvers/operator.py"", line 58, in <lambda>
    lambda A, b: linear_solve(A, b, solver, options=options, state=state),
                 ^^^^^^^^^^^^^^^^^^^^^^^^^^^^^^^^^^^^^^^^^^^^^^^^^^^^^^^^
  File ""/home/boussang/jaxscape/src/jaxscape/solvers/operator.py"", line 40, in linear_solve
    return lx.linear_solve(
           ^^^^^^^^^^^^^^^^
  File ""/home/boussang/jaxscape/.venv/lib/python3.12/site-packages/equinox/internal/_primitive.py"", line 316, in batch_rule
    out = _vprim_p.bind(
          ^^^^^^^^^^^^^^
  File ""/home/boussang/jaxscape/.venv/lib/python3.12/site-packages/equinox/internal/_primitive.py"", line 368, in _vprim_abstract_eval
    outs = abstract_eval(*inputs, **dict(params))
           ^^^^^^^^^^^^^^^^^^^^^^^^^^^^^^^^^^^^^^
  File ""/home/boussang/jaxscape/.venv/lib/python3.12/site-packages/equinox/internal/_primitive.py"", line 159, in _wrapper
    out = rule(*args)
          ^^^^^^^^^^^
  File ""/home/boussang/jaxscape/.venv/lib/python3.12/site-packages/lineax/_solve.py"", line 125, in _linear_solve_abstract_eval
    out = eqx.filter_eval_shape(
          ^^^^^^^^^^^^^^^^^^^^^^
  File ""/home/boussang/jaxscape/.venv/lib/python3.12/site-packages/lineax/_solve.py"", line 113, in _linear_solve_impl
    solution, result, stats = result.error_if(
                              ^^^^^^^^^^^^^^^^
  File ""/home/boussang/jaxscape/.venv/lib/python3.12/site-packages/equinox/_module/_prebuilt.py"", line 34, in __call__
    return self.__func__(self.__self__, *args, **kwargs)
           ^^^^^^^^^^^^^^^^^^^^^^^^^^^^^^^^^^^^^^^^^^^^^

equinox.EquinoxRuntimeError: A linear solver returned non-finite (NaN or inf) output. This usually means that an
operator was not well-posed, and that its solver does not support this.

If you are trying solve a linear least-squares problem then you should pass
`solver=AutoLinearSolver(well_posed=False)`. By default `lineax.linear_solve`
assumes that the operator is square and nonsingular.

If you *were* expecting this solver to work with this operator, then it may be because:

(a) the operator is singular, and your code has a bug; or

(b) the operator was nearly singular (i.e. it had a high condition number:
    `jnp.linalg.cond(operator.as_matrix())` is large), and the solver suffered from
    numerical instability issues; or

(c) the operator is declared to exhibit a certain property (e.g. positive definiteness)
    that is does not actually satisfy.

-------------------

An error occurred during the runtime of your JAX program.

1) Setting the environment variable `EQX_ON_ERROR=breakpoint` is usually the most useful
way to debug such errors. This can be interacted with using most of the usual commands
for the Python debugger: `u` and `d` to move up and down frames, the name of a variable
to print its value, etc.

2) You may also like to try setting `JAX_DISABLE_JIT=1`. This will mean that you can
(mostly) inspect the state of your program as if it was normal Python.

3) See `https://docs.kidger.site/equinox/api/debug/` for more suggestions.
"
resistance_distance,JAXScape / AMJaxCGSolver / f64,JAXScape,synthetic_resistance_large,failed,,[],{},Exceeded walltime of 60s while running JAXScape / AMJaxCGSolver / f64.
resistance_distance,JAXScape / approx pinv / f32 (CPU),JAXScape,synthetic_resistance_large,failed,,[],{},Out-of-memory while running resistance benchmark: RESOURCE_EXHAUSTED: Buffer Definition Event: Out of memory allocating 8022100000384 bytes.
resistance_distance,JAXScape / approx pinv / f32 (GPU),JAXScape,synthetic_resistance_large,failed,,[],{},"Out-of-memory while running resistance benchmark: RESOURCE_EXHAUSTED: Autotuning failed for HLO: %gemm_fusion_dot_general.2 = f32[1000000,1000000]{1,0} fusion(%pad.3, %pad.3), kind=kCustom, calls=%gemm_fusion_dot_general.2_computation, metadata={op_name=""jit(_jaxscape_resistance_with_distance)/jit(nodes_to_nodes_distance)/jit(spielman_resistance_distance)/dot_general"" stack_frame_id=344}, backend_config={""operation_queue_id"":""0"",""fusion_backend_config"":{""kind"":""__triton_gemm""},""force_earliest_schedule"":false,""reification_cost"":[],""device_type"":""DEVICE_TYPE_INVALID""}. Failed to profile configs: Out of memory while trying to allocate 20.60GiB."
resistance_distance,JAXScape / approx pinv / f64 (CPU),JAXScape,synthetic_resistance_large,failed,,[],{},Out-of-memory while running resistance benchmark: RESOURCE_EXHAUSTED: Buffer Definition Event: Out of memory allocating 16044192000384 bytes.
resistance_distance,JAXScape / approx pinv / f64 (GPU),JAXScape,synthetic_resistance_large,failed,,[],{},"Out-of-memory while running resistance benchmark: RESOURCE_EXHAUSTED: Autotuning failed for HLO: %custom-call.1 = (f64[1000000,1000000]{1,0}, s8[4194304]{0}) custom-call(%mul.63, %pad.3), custom_call_target=""__cublas$lt$matmul"", metadata={op_name=""jit(_jaxscape_resistance_with_distance)/jit(nodes_to_nodes_distance)/jit(spielman_resistance_distance)/dot_general"" stack_frame_id=344}, backend_config={""operation_queue_id"":""0"",""gemm_backend_config"":{""alpha_real"":1,""beta"":0,""dot_dimension_numbers"":{""lhs_contracting_dimensions"":[""0""],""rhs_contracting_dimensions"":[""0""],""lhs_batch_dimensions"":[],""rhs_batch_dimensions"":[]},""alpha_imag"":0,""precision_config"":{""operand_precision"":[""DEFAULT"",""DEFAULT""],""algorithm"":""ALG_UNSET""},""epilogue"":""DEFAULT"",""lhs_stride"":""5527000000"",""rhs_stride"":""5527000000"",""grad_x"":false,""grad_y"":false,""damax_output"":false,""autotune_workspace_size"":""0"",""scale_mode"":0},""force_earliest_schedule"":false,""reification_cost"":[],""device_type"":""DEVICE_TYPE_INVALID""}. Failed to profile configs: Out of memory while trying to allocate 41.19GiB."
resistance_distance,JAXScape / approx CholmodSolver,JAXScape,synthetic_resistance_large,failed,,[],{},Out-of-memory while running resistance benchmark: RESOURCE_EXHAUSTED: Out of memory allocating 4044908000320 bytes.
